<?xml version="1.0" encoding="UTF-8" standalone="no"?>
<ds:datastoreItem ds:itemID="{685AE67F-E31A-4949-A8FE-58BE497D1542}" xmlns:ds="http://schemas.openxmlformats.org/officeDocument/2006/customXml"><ds:schemaRefs><ds:schemaRef ds:uri="http://schemas.microsoft.com/office/2006/metadata/contentType"/><ds:schemaRef ds:uri="http://schemas.microsoft.com/office/2006/metadata/properties/metaAttributes"/><ds:schemaRef ds:uri="http://www.w3.org/2001/XMLSchema"/><ds:schemaRef ds:uri="http://schemas.microsoft.com/office/2006/metadata/properties"/><ds:schemaRef ds:uri="http://schemas.openxmlformats.org/package/2006/metadata/core-properties"/><ds:schemaRef ds:uri="http://purl.org/dc/elements/1.1/"/><ds:schemaRef ds:uri="http://purl.org/dc/terms/"/><ds:schemaRef ds:uri="http://schemas.microsoft.com/internal/obd"/><ds:schemaRef ds:uri="http://schemas.microsoft.com/office/infopath/2007/PartnerControls"/></ds:schemaRefs></ds:datastoreItem>